<?xml version="1.0" encoding="UTF-8" standalone="yes"?>
<addon id="plugin.video.serije” name=”Serije” version=”1.0” provider-name=”Hello”>
  <requires>
    <import addon="xbmc.python" version="2.1.0"/>
    <import addon="plugin.video.youtube"/>
  </requires>
  <extension point="xbmc.python.pluginsource" library="addon.py">
    <provides>audio</provides>
  </extension>
  <extension point="xbmc.addon.metadata">
    <language>en</language>
    <summary lang="en">Content pulled from YouTube.</summary>
    <description lang="en"></description>
    <disclaimer lang="en"></disclaimer>
    <platform>all</platform>
  </extension>
</addon>